Harriette,Howarth,rumanovigor@btcmod.com,4915561556157
Jedd,Dejesus,jddf2@arss.me,4915503173420
Herman,Pate,leopold77777@dinarsanjaya.com,4915503173421
Rehaan,Amin,oihluil@dinarsanjaya.com,4915503173422
Sall,Washington,familjadauti07@screebie.com,4915503173423
Shayne,Mackay,bigbadboldsteve@bizisstance.com,4915503173424
Manal,Hirst,cblair90@gmailni.com,4915503173425
Ioana,Muir,snrng@brekai.nl,4915503173426
Dakota,Todd,pdturfmn@uspeakw.com,4915503173427
Millie-Rose,Barrera,koa@pow-pows.com,4915503173428
